Tag,Value
256,4608
257,3456
34853,{}
296,2
34665,218
271,Xiaomi
272,Redmi Note 9 Pro
274,1
306,2022:10:03 10:36:28
531,1
282,72.0
283,72.0
36864,b'0220'
37121,b'\x01\x02\x03\x00'
40962,4608
40963,3456
36868,2022:10:03 10:36:28
40965,5746
41990,0
37383,2
37384,21
37385,16
37386,3.74
34953,HDR
41989,4
37381,2.33
40961,1
37520,056051
37521,056051
37522,056051
36867,2022:10:03 10:36:28
34965,0
37377,5.058
41495,1
39321,"{""mirror"":true,""?sensor_type"":""front"",""Hdr"":""auto"",""OpMode"":36865,""AIScene"":0,""FilterId"":66048,""ZoomMultiple"":1}"
33434,0.030303030303030304
37378,2.33
33437,2.25
41729,b'\x01'
37379,1.81
34850,2
37380,0.0
34855,168
39594,"b'\x0b\xe6\xfb\xd1\x0fN\xc7n\xd0\x81.\xd3\xa9Rb\n\x04qc*\x99#\xf6\xe9\x8a\x7f\n\x14q\xd7#\x9d\x97t\x0f9\x07\x92\xea\xc3\x03w\xef\x87q\x8cQ\xf0o\x8cG\x18\xe7\xf5j`6\xfaw\xb8643\xce\x856\x97\xa80\x97(5\xc5Bv:\x18\x86\xf0\xedU\'{\xef-j7_\xf5r\xc0L!\x97\xeb\xd3\x98\xd1&\x08\xa1\xb6\xaf\xeb\xf5\x9d\xa2\xfb^\x1f\x8fV\x14\x92\xa4\xac\xf9>\xe5\xacw\x9d\x1e*\xb2\x1b\xf8\xe7\x8c(\x10\xb7\xed\xfc\x11\xf8\xa81\x17\x8a\xe4Sp\xbe\xcb\xaa\x01\xff>K\xbel\xf6\xd9\xce\x9f\x1d\xb4+>\xce?I`\x9d\x84\xbc(\xab\x88w\xb7\xbc\x86\xac[\xa9F9\xe4@\x96\xd4\x13\xb9\xca\x88\x06\xf7\xbd\xdd\x82\x0fD\x82\xf5\xd7O\xc9\xeeN\x82\xa7\xcds#E\xeb\x11;\xba\x96\x96Z9\x96P\x8f\x13M\xd6\x0b(\xfcb\xf5.K\xfb\xb2(Q\xde\x18wA\x00\x848\x1cKa\xdc\x8b9\xf3\xf4\x93\xdd\xf1J0uVT\xdfk%\xfd\xdfJ5\x8f&\rH\xaf\x9fPu\xc4\xeaA\x8cZ\xa9\t\x04a\xf8\x982\x90C\x19Z\xd8\x1e\xce\xf9S.\xb9\xbaj\x91\xf3\x15\x0f\x05],\xd5\xbd\xf3.\x89:\xdb\xb3\xbe\xbfml%`\t\xb8\x9f$\xb1\xd6\x1d\xe9\x9bm;\xedh\xc7k&S\xe5\x10Ks#\xe1NE\xdfS\x10GN\xe2\xd3fB\xdc\x95\n\xd1\x05s{\xb1\x0c\xc0\x87\x82>\x14H=\xb6\xcd\x8d\xac\x04\xbe\xc4?\xcc""\x9e\xd0\x1b\xf7N}\x93S\x03IS\xbd\xc7\x9cv\x8d\x9d|{\xd5\xeb\xaf<\xdd\x11R\x06\xf2\xac\xe5\xa9r^U\x18\x98d\x1f\xcf<\x84\x0fb,16j\xba\xfa\xfb\xb6\x8c\x83D\x06T\x9e\xca\x90\xbdS\xb8U\xf6%\xcd\x01;\xf5\x15S\xd0aR\xbd*\x087\x9faQ|\x00\xc2\xc1\xffD2L\xdc\xc5\x04\xf7\xcc\xcc7\xe7\xe0\xc9\r\xce\xaeT\x96\x99\x00\x951\x8b\xc8\xcf\x11\x1a\xc2*\xea\xbd\xca\xc7\xe8\'\xb5M\xc2e;\x07B\x9e\xb5j\xe3\xc3\xe8:\xfc\\9b>\xa7\x93.\xc5\xef\xd9\x9a\xb7\xee""\x81!Lp\xa7\xc6j\x8f\xb9\x17\xfa\x82\xdcAXy\xa2\x00\xd2\x96\xc2\xa6-\x19\xc8X\xd3Q\xa2\xef\xf6}^\x0eD\x9c\x8cmC\xa2\xddF\x15u\x8b\x88_\xeeX\xc5\xd5\x15\xae\xc0\xa86\xb6\x8fW\xde\x88\x93\x94\xbf\xc4\x0c\r\xae\x9dv\xb2\xdf\xb6\x06\xa0\x05\xa9n^\xdb%\xb7\x0fq8\xbcc\xda\xb3\xb8\xf4\xe5\xc8>\x86""(\x0f\x82v\x8a\xc0\x80\x8b\\\x1f\xcd\x15\x94\xe40\xf8\x83 \x9f\x8a\xa0l\x93\xd0\x1a\xc9\x0cp\xean""\x8a\x05F\xbb\x1e)\x1bx\xcf\xf0\xf8\x80\x96|\x8bafv\xf9\x07\xab\x80S\x08\x0b\x08\x92\xc2\xb6[Q\x8c\x9c\x13q\xcf\x1e\xd7\xf5\x17\x88A }gm\xdb\x84\x83\xe5\xce5.\x84a!\x85(-1\x17\x89;\xdf\xb3\xfc\x8b\x1c\xd5\xd5x\x0e\xe6+N\xd4\n\xb0\x9bf\xb1F\x1e\xdaJ\xaef\x12\xb5\xe97\x13\xa8\xf5\xcc-\xd6]x\x16\xc2\n\x13\x02\xd9.:\xc0D\xac\xfc\xca\xd0bA\xc4\x0b\xe9\xc2\x9b\x82\xc55\x1d\x12-}\x07*\xd5\x86\x8e\x9a\x80-\xb0\xbd\x95\xe6\xce\x1fu\xec\xe0\xf7;:\xeaI{\xc0\x14\xd9\xe4\\l0dY\xba\xc4?\x01\x8c\xc9/\xeb?\x96\xf0\xf1#\xbek#\x06\x81\x0b\xd70\xa6l\x01*#^n\x84N\xa2\xec~\x12\xde\xb1D\xb6\xb7++\xb5\x04G%\xf0\xe2\xc3\x87p\x02f\x8c\xd77\xb1\xcbp\xce\xab\x91\xcb\x1d\x89\x8d\x8dckJ1\xa3\xd0Y:\x93\xf2r\x1d\x19|\x1b\xcc\xe9>H\xb8\xb8\xc1~\xb5bc\xcd\xd9A\xa1\xcb\xad\xc6\xde\xfa\xa2\xccR\xb7\x05I|=\x13\x05\xa8\xddYs\xfa7\xc5\xd2\xb1\xfa""\x1aG\x91\x17\n\xc7Y?w\x15Um1\xc7q\xb5\x16\xf0gm&\xdf[\xa8\x82\xf0\xfc\x12\xca\xfc\xb2\n(AY&\r\x8f|\x80\xe1j\xe9\x85\xbcE\x0fn\x1c\xac\x909\x8e\xd6\xa5\x16\x10H\xdf\xf0F=""-\x16\xe7\xc8\x9ds\xe6\xd4\xfc\x04\xfed\x8f\x8a\xa3\xdf\xc8\xfc\xbb\xb3\xd7B9\xf1\xe5q\xb1{\xa1\xd9R\xc1\t\xbb$\x84\x8c\x8d\x9f\n\x18\xc2\x19\xd5\xad5Q\xf2\xc5.^v\xa0\\p\xe3\x99Tc>\xe3q\xf8\xcd\xae_r.\xcfz\xb5\xed\xd62\xad\xc6\x93G\xc6\xc6|\xd2R\xd2\xca|x\xe2%]\x00w\x98\x9f_2\xcfb\x17\x02QM\xe7*\xb2\xe7o\x01\x00}\xe2\x8e,\x97\x18\xd0\x1b`\x8cC\xa5\xb7\xa3\tSUp\xe6\xd6M\x8a\x04.\xf1\x9d\xf2f\xc6 \xc8\t\x1c\x80\xa2o^\xc2i\x1f\xb4\xd5h\x02\x9d\xb8Z\x1b\xc4E\xaf\xe6\xbcL\xed\xbf\x83r\xf0O\xc0\xecC\x1ct\x89\xf2\xb8\x08\xdd\xfcc}v\xf3|P5\x01%\xe1\x1b:\x00\x1d\xc1\xd6\xf3z \x02U_\x00^\xd2\xa0\xd7;P{\x91v\xe4\x98\xf5$\x18\x94\xc3\x1a\xd0#|\xb6^\xe6\xab\x0e\xad\x80\x84t\x98O80\x1cAV\x9a\xeb\xeb\x04qZG\x816dAT\xb50\x1a[\xbe\xf0I\xd9\xd1\x9c\xcc\xee\xd8\x98(\x1fo1\x1e\xc8\x07\x92-u\xc9\xa4=\xd2n\xb5\x18\xac\xa5\xf3\x1ep\xe9b\xe6\x0e\xab\xabD\xf4X\xb2+\r\x9b\x01\x88\x0e\xf6\xd5\xe5u\xd9\xcf\xc1\x8aR\xc9\n\xe1(\x9cce\x9a\x16\xe4\x92\xb5\x1cH\x98J\xef\x9d\xd7H,\xd5\xd2m\xecI\xb0}\x80\x9f]X\xd5\x14\x02\x12\xd4\x04A;K\x0e(A\\\xd2\xd6\xaf\x072\x7f\x1f\xeb]\xdc\x9c\xf25\xaa\x0ezQ\xf7\xde \xc4)\xd1\xd3N\xae\x0b\xa0}\x92\x9e\xdb\x14\xcb\xec\xad\xa1\x07\x0f\x07 5\x90\x89[\x00\xd4Av\xf7\x84\xd0\xff\x92\xc6j7\xc7!\x15\x05\x08\xcc\xf9\xf8\xe3\xb2\xa4\x86|\xfe\xc8(\xdb\x0ch@\xa7\xcap~,X\xf5L\x90\xf8\x1c[C\xec\x9b\xd8\xb5?\xac\x8d?\x0b*\x93\xc1\xd8h\xddv&F\x81J\\\xe3\x96`+\xddL\x83\x95\xa6\xcet\xa5Dn+q\xe2\xc6\xe3\x16;\xa1\xad\xa8\xce\x8b\xe1s\x19B\xc7*(\xd3\xfb\xe7K\x98A\x8a\xef\xbd)\xb5i\xe9h\xdd\xec\xc1\xe3 \xed\xf8\x8b\xc7\xbb\xf3c\x80[\xe2\xe5kfj\xba\xf2/T\x80\xae\xb3\x8b)\xc2\x95\xf8\xf2\xafA\xfbt2\x80\xa8\x9aL\x01!Q\x00B\xc9)\xa8y\x1d\xcb\xd6\xc8\xbb\x14\xe3\xbft[\xd2\xc4\xba]P\xa8u\xf4\x9e\x1caY\x0b\xcf\xf3\xc3\x9b\xde\xed\xc9Q\x96\xf7\xbc\x04\x8a\xbb\xb7\x17\xbe\xc7\x18\x03\xb9O\xc0\xc2\x0b84A\xd1x[\x93\x1e2\xa9\x189v\xae\xe7\x8c-\xf2}\xa7\xce\x028\xf8\xc7\xbf\x12\x97[|\xb2\xb5om\xb8\xd6\xc1\xb3\xe1Ha[\x10y\xd7\xd3\xe2\xc5i\x9d)?m\xbb92\xb8\x02\xf4\xf0\x17\x87D \xae\x9d\x0e\x0c\x9a\x02\x1c\xec\xb9\xb4\xfa\x17""6\xbe\xf6!q\x00\x99\x02\xabG\x1ei\xbc \xdf\xd4{\xfeYm\xcb,""\xac\xd4\xb9\xae\x8e\x16\xebP f\x9dT:4.6!\xc5>\xdc(\x08\xe7:AnF\xe2*t\xba\x1a\xd1\x1d\xd2\xff\x13\xc2oK\x9d\xaa\xb3B\x158\xc5\xb9\xabuE \x89\x97\xb0\xac\xcf\x9d\\k\xef\xbb\x84O\xf1\x1cCjs\xe1\x06\x1c\'\x9b\x89Q-\x0e\xc5\x15\x10\xbb\x85\x8d>\x1c\xce\xd4\xf7\x92\x9b-\xa6\xf4\xb2;\x94\x8b\x8e+\xe2G\x12L\xd5x\xe9z>\xa3\xbd\xe78\xda1\x98\xff\x1b^*!9u\xe8\xba\xd7\x04}\xa6\xd58\xe4\xdc\x9bi\xf8\x8f\x92\x0e\t\x8b\x8f\xc8$c\x04N\x0f\x0e\xa7\x85\xae\xf1\r\x88\xfdQ1\x9f\x9c\n\xa4\x08EG\tQ4\xda\xcd\xc9\x8aBE@\xa7\xce\x9a\x11&\xc7R\xa2\x8ay\n\x8cHn\xf7\xba3\xebB_\xcd\x1b\xf7\x8c\xf8\x96?\xa6\xa5\x0c\xd3\xc5\xaf\'#\x9e\xe5$\n\xaf\x9b\x0c\xafd\xf5*#\xacdw\xcc\xe8\x87\x88|\x9d\x00Qq\xa5\'O\xf5mm\xe61*\xdbm\x1c\x1d\x88K\xfc\x92p%\x83\x0b\xc4\x9a]P\xbf@y\xde\xfc\xbdr\x93\x02p4s\xea\xb5|\xba\xc8\xa8\x96,4\r\x9d\x93S\xa8_\x93\x88\xea\x83\xf3\x98\xc4\x9cw\x8b\x93|\xd5\x96\x95{\x12\xea\xeb\n\x05|\xef(\xba\x05\xb6\xbd\xa8\x8b\xb5\x88\xbei\xf4x\xff\xfe\xa8\xc1\xad\x8e\xc1\xfe\'tt\x96\xa9(!\x8c\x87\xad\x14\xd8\xba\xc3\xf9\x17\xa2\x96\xea?~\xb8\xba9w\x95\xfeI\xf22\xce5\xdb\x97\x0b\xcdY\x9a\xa8A\xd9\xb83\xe4\x06\xc0\x99-Eu`\x82\xfe\xcf]\xb6\x11\xc0:\xfc\xc6O\xa3\x1c\xcd\xf0.K\xdcU\x9d\xf2\\A\xfc\xebErv.\x14\xfa\x832U!\x87v\x10\x08\x1f\xdd\x83\xe7\x85\x04\xa4\xf6\r\xbb\xd6 1ob\xb8u&\xc0\xdd\xd6\x0c\xef\xb0,J|Hk\xb3\x89\xcba\r\xd9l\xf4\xd92\x93\xc6\xbb\x87F-z\xa9\xf0s\xc6\xcc\x97\xd3G\xcdX\xb6\xe5\xfa\xaf\x8a\x97\xa7\xdc\xd1\x9e\xe6\xb2\xd3k\xab\xf8\xc5\xcc\xa7B<\xa9\x90\xfb}\x91\x16S\xa9\xa8V\xafp\x1eL6\xe9\xfahw\x0c\xb1\xbd\xf3\xdb\xe4\x97\xa5e\x83\xfaOi\xa4~*\x13\x08\x03oZ\x04\x8c\xfcLd\xceH*\xb0\xb3\x8d\x9cK\xa6\x9c\x86\xc6c\xe0\xc6\xd35\xd2\xf5b\xcea\xc6w.\x8d\xae?\x98\xd7\xc18\x81\xc8\xae\xb3~\xbfN\xfe\xfa\x81\x0e\xbd\x7f\xa7\xba\xd9\xb8N\xf2\xccX\xf2c\xc5\xf4\x84\xdd\x01\xc9\xf2\x055k&\xd7\xe2^\x05^\x8e9(\x81O\xf3\xbfc\x0fT\x89wAT\x00:\xf8;\xbaul\xa4\x98\x9a_\x87\xfdi\'\xa1l%\xc3\xd6\xb3b\x15\xc8\xbe\x8f\xae\x86\xa0Q\x04\xee\x91o\xa0\x9f\x151\x00m5\x9b\xe2\xd9[\x8d\x14\xf1H\xfc\x97\x99\xdfQU\xf9\xfbE\xceZ\x9d\xe9M-\x96/qi\xb9\rGL\xf6\xb5\x93\xbd\xc9\xbf\x05QS\x9c^\x8ck\xb6\xe7\xbb\xbf\xac\xe7QlG\x84~\xc7\x92D\xdc2\x1d\x0e\xa7\xb4Q\xdd\x1b\x9a\xe0\xbe\x92\xa1\x0f\xd3\xa3c\xcd\x03d\x92\x8ffo\xbc\x88\x93\xb8\xf9h\x8e\xc3\xedK\x88~N\xb7\xf8\xf1\n\xa1\xf3+?\xe2\xfa\xd80\x9bS8\xe6\x07\x90\x8d\x8e\xbb\x96.-\xd3,\x81\xf2Q\xf8\xd8\xab\x96c7\xa5$\xb4V\x07-6K\x93lF\xe5M`\x04T\xa9\x8d8\xe0\xa04:\xfd3d\x00-\xc1\xf8Gf%$\xac\x11""\x97K>\x058_\xeao\x1e\x97\\<\x91\x97\xb7\xea4\xdc\xc0\x0f!\xa8\xe9\xc8W\xbdK\x9c1T$\xaf\n@\x80\xb8(a\x83V\x82\x88\xcd\x93(\x80\x16|R\x80\xbc&\x0b&\x06\x80\xd8\xed\x94\xc9\x0c\t\xa5@\x11\x14\xab\xfe\x0fT\n\xc7\x0f(\x08uz\xd7\xd3,P\xd2^\xc6\xc0R~\x8ey\x0bH\x90\x82\xdbt\x12""G\x11\xe2\x0e\x14\x1b\xa1\xb0\x8d\x97cI\xd4\x92\xc9\xbb\xfc(\xed`\x87\xa4\xb5\xcft\x02\x85\xae\'V\x16/\x88U\x16Q#\xf2\x06\x10\x95smQ-pe \x89\xede\xc8\x19\xcb[\xa4\xe4\xe3YU\x1cHM.w\x88\x17\xc5YFB(\xea\x06\xfc\x1a\xfb.\xa7\xb8O+i\xb7\xefQ\x83s\xcdQ\xdf\xe2\xd1|\xb4\xb6\tNy]\x9a\x95\xbd\xb3\xfc+\x9e\x12\x1c=\x8b]\xbfe\xe8\xf5\xa6\xbbi\xd7\x01^\x19\xc7\xda\xefB\x91\xfb\x14\x9f:\x97\xd7\x1b+s\x8d\x00Y\xbf\xe3\x8f\xbf\xa8\xb0`~\xb8\x94D\xc4*c\xc0\xbd\xcca\x9d=@$K\xf0\xb8\xa5\xaf\x11\x86V\xc6\xbbU\x08\xe4\xcdiU*\x9e\xaeF=\xe5\x8dv\xf9\x8f\xbf\xbf\x19\x8cI\xdcu\xff2\xa4\'\xd8[\xb2\xb6\xf1\xfd\xe1i&g\x81\x99\x9c5\xb0\xa4\xa6\x19\xc5\xa5\x8a\x9b:X\x15\x81\xc7[i\xb3X_\xd2\xc6\xc1^\xf8\x13\xc6\x07\x97;\xd8\xab\x03\xc5\x01<\x91Zt\xbf\x95\xe75\xd9\x8f\x0c\xe9\x83\x8cS\x88q\x1f\xee\xe0\xd3\xd8\xac\xf26\xb7V\x07\xfb\\y\xf2\xb8o\xd1,N\xb8P\xf1\xa9X\x1d\xec\xe9*\xe8\x8ed\xfdq\x08\xcf\x1fn\x8b\xf1\xf9\x11_\x87\xe6\x0e\xaa~\xd46\x11x\xe5\xb7\xb3\xb2\xe2\xac\x14\x98\xff\xfd[\x916q\xde$\x06\x11C-)j\xcc5\xc8\xda\xd0\x9b\x8f\xe0\xfcq\xb4\xa9\x93\xfaJJ\xa3\xc1c%\x98q\xd7\x037\x82w\x0b\x7f\xb1\xb8J\x1f7 jnK\xb60\xc7iR\xf0 \xbe\x02\xf63\xcbS\xe2\\ \x16\\4\x1b\x95\x8c\xb4S\xf7C\x1ao^\xd5\xc53\xe5\xac&\xdbl\x9er\xe4\xca\xf7r\x03\xe8D\xcd\x9b\xd7\xc8\xad\xe6\x15\x03%\xb7\xe3\x10\x8d\xb3\x7f\xfdPw#y\xb4\xfc\x14pL\xe3{\xdc\x83QK?\\\xb2/\x87E\xd2\xd7\xd4\x83\xf6^\x9a\x8d\x06^\xda\xdf\xb1a\x996\xaaT\xfe\xce\\\xa04l\x89JHm\xc0\xf6\x95\xf5cJ!\xbd\xf1\x1f\xa6\xc5\xf0\x0b\x04\xe7\xa5R/\x8a\xcde\xbe\x1f,|B\x9e\x0c\xe1j\x1a\xbe\xe0C\x12\xbc@\x1f\xb3\xf2$)\x8e\xbb\'\xd7\x8a\xa6\x90Q\xd7w\x805\x08P\x98\x1b\xe5\x12\r\xd8\x19R\x18\xa9\x12x\x91\xa1Vb&\x95\x90\xc2\xe0k\xc2\xc2\xe6T\xbb\xbd\xfb\xf1`\xbc\xbcQ*\x7f\x90\xce\xcb\x9e\xae\xbe%q\xfd_>S\xbdC\x93\x0b\x0bdo\x9e)\xb9u&Cl\x05\x0f))C\x83d\xae\x02\xdf\x1c7\xa7\xd3N\xa1\\ \x96\x94d\xf72\x137\xcbY~-\xda$d\xdb\x0f\x1d\xb0\x84\xf1\xd3*u\x18&\xee\xb7\xbf\x8c;\xbdG\xeb\xdc\xef\xacN\tvL\xc4\xe9R\xfe\x82\xb4\x15\x97$\x16\x8c&\'\x081\r\xbe\xb1H j\x03\x97\xb7L\x06\x06Pbp(q\xc0pL\xd9_b,\x9a\xa0\x9a\xb6f\xf1h\xec\xc9T^k\x0e\x18y>\xbe\x8e\xee\x90\t\x7f(\xcbZ\xfd\xabCu\xa1\xc8\xdaK*tUK\x81\xf3\xc1\x89R=?\xae\xf9\xe6\xc1\xff\xbe\x0f\xf8h\x0ej6\x17\xb4\x028\x97\xc2\xbb\xd4\xe6\x8d\xf8J>\x97\x9f\xcc\x8a\x06\x06i\x18>^\x12\xb5g\xa8D\x92\xd5-\x10\xa4\x04\x08\xab\xa7\xf5^y\xeeX\x05\xc3#l\xfb\x1a\xf7\xcdX\x9b.\xdaT \xccca3#\xf3\xa4\xaaRt\xe5\xf4\x0c\x82\xda\xc8O\x8d\xf2\x90\xf8\xad!\x95*\x9f\x1f]\xaaiGh\x81DU\xde-?\xdd2\x08\x11?\'&\x8eawX\x0f\xe5V\x1f\xb5\xc3\x15<; A\xc8\x16\x11n\x89]f\x04w\xa9""q=\x0cW\x13\xaaq\xd6\rOk%\xa1!r\xc8\x98\x0c\xb1AN$Y.\xe0\xc6I\x8a\x13\xe0\xeb2&Z\x9e^9\xc6L\xfb\xae\xac\xe7\xf6\x92\xa2\x18\xeb\xdc)\xfd\xb65]b\xa2\'\xaf\xdda\xca\xd5`b\xfd\t\xbd\xdei\x17@\xf2i\xa7K3\x8f\xe1S\x9c\xb5C\xb5N\xfb\x1d\x1b\xbc/0-*R\xe6Qu\xd9/\xe5=\xccL\x83{7x\x88\r\xeau7~\x14\xe3C&)\xd7)\x90\xb1/\x9d\xaf\xa1<9D#H\xd77\x04\x1e\xd6r\xf3m\x17\x8e\xc7 \xc1\xef\xb1\xf7\'\xdfFF\x97\xf3\xfc\x1d\xcb\xb1u\x1ey\xacN\xaf\xac\x9f\x90\x1a1\x98v\xb2\xb8\xf7\x90\xd6\xa72\xe7D>hh*\xc8\x1c\n\x1e)O\xdb\x9e\xa7\xf8\xe1\x14\x9e\xc1,{pO2\x1a\xa4\xcc\xfc\xda\xbeLMA\x91\xcc\x86\xbd\x8fPa\xe2\xd5f\xeb\xd8\x87\x85\x04s\x06\xac\n\x85\x1d\\\x8e\x0b\xf7\xab\x99\x01\t\xeaNw\xb0;bJXr\xa05\x15\x8a\xb8U\n\xf0\x1c\xf9\xaa\x84\x1b\xa7\xf3\xdc\x12x\xac\xb7P\xa9-\'\xc3\xdc\x86Q\xad\x96\x07\xbc\xc5\x05a\xb1\x19ln\x9d:\xf1\xbaS\x17\x1d~\xd3\xfd\x02\x9b\xf2\xf1ap+1r\xa4.O\n\x1d\x85\x14i\xe0\x83\x10\x0e\x99\rx\xb8\x1b0\xb3\xebW\xbc\xc5\x86\xc6\x85+\xe7\xd9oa\x11\xe37\xd7\x9cW\xd7\xff\x84\x19\xd4s\x9c\t\xbf\xc16\x8f\xa3\xc2>=!\xf9\x06\xb9\x87b\x14\xbd\x08\x03\xed\xe5Yp\xa8Nh\xaa7n\xd2\x0e\x9e\x1a7 d\x8b\x86M\xe6\x13\xa3\xe9\n\xf3\xd7=\xad\xfd\x9d\xb3\xe9\xa3\xde\x9a\xc0*\x12!\x8a\x9a\xd1\xb9\xc0\x00>Cf\\\xaf\xa19%$U>\xed\xa0\xc4\x98X\x0b\xfd\xfbW\x1d\x8aX\xe8\xa3\xa0\xb0\xaa\xf7\xb3W~\xac\xc7\xf3}w?\xa6\xdd\xf6\x15\\\x9b\xe6\x0f]\x90\xa0\xe4\xe4\xfd:\xf6_O\n\xb0\xe4\xd1\t|\xd5ftl\x84u\x93\xcc\x88Ww6\x99\xad;\xad\xe2\xd1\xd8\xa75\xf2\xaf\x8a\x87b\x02\xb5l\x84}\xd7\xb9=""\xd0\x01\x9e)>\x01\xe9}\xf2\xff\xbdz@\x85\xd2\xb8\xe5\x85IGk\nS\x139\xcdbM\'.\xfb\xd7_>\xc0\xb4NRn\xd2Q\x1bF\xb6Y\xbb\xe4\x0b\xf51o\xf1\xaa\x84\xed\xd9|\xc2O\x17\x86\x00V\xa0\x90\xcd\xe1\xdf\x1b\x9b\xca\xdf!\xa7\x95Z\xbd\xf3\x80\xf3\x0f\xe1\xcf\x9b\x9c\xa5\xd5\x8bP\xaa\xb3UC\xdaZ\x19X\x89aJ{)qJv\x92\xa6\x07]\xef\xbcX\x0e\x1a\x82a\xa3\x01\x15\xa6\xa8\x89A6\x96\xa1yB~(L\x84U\xbe\x15\x1d\xa4\xb1\x87\x0c\x07\xce0T\xc1\x0c\x8c\xa54\x9d\x89s\x88\xaa{VQ\xe1<\x02+P\xd7\x00D{#\x91\xc3\xad\x15\x94\xef\x0by\xd4]\xf4\x8b\x0e\xd5Rc\x97\xc8 \xf5Vn\xa3\xefa\xb9#\xf5\xd1\x97\xfc?\xbd\x9f\xbet$\xa78\xccqd\x19\xa7\x95\xf0P\x8e\xb4vqTc\xbe@\x1ft\x91\x16\x19\x89K\x17\xdc""\x9f\xfc\xc5\x8d\xd1\xc9M\x88\x0ct;!\xa5}\xa7\x9fp\xa6\xad&\xb1\x8b$!<\xca\xa5\x89\x03\xc0\xe0\xda\xa3\xd7\xed\xf5\xc5\xd87\x03\xf1\xa8\x1a\xb2#\xf1%|>\x00\xcfu1tA\xad\x80\xbe\xa4\xadkdbe>\x92\x1a\xa3c\x9d\x9dU\x1a\x19\x03\xe4F^\\!W\xc9m\x15\xdf\xefe\x01\xa8lA\x01\xa9\x92Z\x1cHS!\xbd\x11^@\xba\x07\xbc\x98<\x11`\xda\xd1*\xd2\xca\xa2#\x8b\xe7\xea\x97\xa4\x82=:\xaf(\xb9\x8b\x11\x02b\x85\x95\xb66o\x1c\xe4\xe3B\x8a\x86\xf5\xf2\x1cC`\x9e\xca\xb9\xfe\xeaG\xb4\x04\x8fc\xdb\xe8\x07\x93\xec=\x9d7\xac\xcd\x1f\xfa+\xf8\x06\xc8\x7f\xa9\x12\xae\xb2,\xc97\xcet&|\x03x\x18S\xb9\xc8\x11\xcegB\xadP\xa6X\xd3\xae\x05\x18,%Th\xae\x99""D\xe5\xc4\x93~-\xf1\xb5\x82\xbbbVX\x1e{\xaf$y\xb9O=\xaf\x057\x95\x0f\x97{\xa5\xb5\xdc\xde\x15\xe4\xfcO\xf2\x8f%\x9c@\xc0\x83\xe0\xac\xf6w\xa0\xdbgk\xd2W\xd1\xfc\x81\x05\xbc\xfe\x8d\x9e/\xb2\xbd\xe4\x9b;Jw\x19\x9fu\rc\x96\r\xd8\x87r\xc2[\x82x\x1a?\x9f\x08\x08\x9b\x8e\xba5u\x9e\xb3\x9eL(\xf8\x13,\xe9\xb3 \x8at1&)=a\xa6\x8a\xaa\xa0\xaa\xf9\xfd+w\xa08%R\x04o\xe0\xbao#\xcc\xe4-mN\x94\x8a\xa9\xec\x99\xc5\x99\xc3Y\xb3\x8e\xa9\xf9dl\xb9%\x9c$\x88\x06b\xa1#\xe8!b\xcb\xc1 6\xb9\xbd\xff\xae.\xf2\xe0\xdd\xe4y\xda\xd6\x9by\x87\x13\xcdA\x8e[\x15\x9f\xd4\x8an\x07\x1b\xd0t\x12\xd8\x07\xd2p\x87\x8e\x82\x95\x9dO$3\xfa\xd1+\x8ac\xf8T\x14\x19p\xa7Y\x19\xc2\x02\xed(\xa7\xacI8y\x9d\xc2\x92|\xdb\xa3\xd9\xdd,\xf3\x18\x18\xd9\xd8[\xa9~\xb3b\xc9\xc0G\xb0f\xc3]o\x9b\xf6g]z4X\x0e\xa0\x01h^\xd4_\xf3\xcem\xb4X#\x1d\x87\xb1\x14Wa\xbb\xb6\xe0Z\x17\xabK\x08\xfb\x9a\xda\x97b~\xef\x01?J40\xa6\x0e\x11\xc5\xcd\x19K+lwkf\x17q&\t\xf7\xe3-\x89\xba#1\xf0\x99p\xadC\x88\x7fLPq\x15\xec""\xeb\xdc\xcf~8\x82\xd0\xeaQ\x8c\xa5(\xb8c\x1c\xe7-\xeaX\x18J\xb0\x96\xfb\x0f~2{[\x16K\xedS4\x1d#\xd2\x0e\xbf\xd8\xecP'"
41986,0
40960,b'0100'
41987,0
Violation Flag,True
